{"cameraMode":{"drawMode":0,"name":"Shaded","section":"Shading Mode"},"sceneLighting":false,"audioPlay":false,"sceneViewState":{"showFog":true,"showMaterialUpdate":false,"showSkybox":true,"showFlares":true,"showImageEffects":true,"showParticleSystems":true},"in2DMode":false,"pivot":{"x":-7.952259063720703,"y":-14.58012580871582,"z":73.06076049804688},"rotation":{"x":0.1575300246477127,"y":0.09906507283449173,"z":-0.01588561199605465,"w":0.9824042320251465},"size":94.43673706054688,"orthographic":false}