{"cameraMode":{"drawMode":0,"name":"Shaded","section":"Shading Mode"},"sceneLighting":false,"audioPlay":false,"sceneViewState":{"showFog":true,"showMaterialUpdate":false,"showSkybox":true,"showFlares":true,"showImageEffects":true,"showParticleSystems":true},"in2DMode":false,"pivot":{"x":4.679999828338623,"y":2.6600000858306886,"z":-8.520000457763672},"rotation":{"x":-0.10183031111955643,"y":0.6497796177864075,"z":-0.08845102787017822,"w":-0.7480598092079163},"size":1.0104146003723145,"orthographic":false}