{"cameraMode":{"drawMode":0,"name":"Shaded","section":"Shading Mode"},"sceneLighting":true,"audioPlay":false,"sceneViewState":{"showFog":true,"showMaterialUpdate":false,"showSkybox":true,"showFlares":true,"showImageEffects":true,"showParticleSystems":true},"in2DMode":false,"pivot":{"x":0.5777404308319092,"y":3.5391035079956056,"z":-3.167511463165283},"rotation":{"x":-0.07180659472942352,"y":0.5436772704124451,"z":-0.04675832763314247,"w":-0.8349087238311768},"size":9.996018409729004,"orthographic":false}