{"cameraMode":{"drawMode":0,"name":"Shaded","section":"Shading Mode"},"sceneLighting":false,"audioPlay":false,"sceneViewState":{"showFog":true,"showMaterialUpdate":false,"showSkybox":true,"showFlares":true,"showImageEffects":true,"showParticleSystems":true},"in2DMode":false,"pivot":{"x":-144.4955291748047,"y":103.61666107177735,"z":34.25786590576172},"rotation":{"x":-0.06295672804117203,"y":0.016467904672026635,"z":0.0010379479499533773,"w":0.9978798627853394},"size":353.39990234375,"orthographic":false}