{"cameraMode":{"drawMode":0,"name":"Shaded","section":"Shading Mode"},"sceneLighting":true,"audioPlay":false,"sceneViewState":{"showFog":true,"showMaterialUpdate":false,"showSkybox":true,"showFlares":true,"showImageEffects":true,"showParticleSystems":true},"in2DMode":false,"pivot":{"x":0.4922518730163574,"y":2.6309659481048586,"z":-2.375316858291626},"rotation":{"x":-0.09008079767227173,"y":0.5659145712852478,"z":-0.06238417699933052,"w":-0.8171501755714417},"size":7.244727611541748,"orthographic":false}