{"cameraMode":{"drawMode":0,"name":"Shaded","section":"Shading Mode"},"sceneLighting":false,"audioPlay":false,"sceneViewState":{"showFog":true,"showMaterialUpdate":false,"showSkybox":true,"showFlares":true,"showImageEffects":true,"showParticleSystems":true},"in2DMode":false,"pivot":{"x":102.73152160644531,"y":-3.688920497894287,"z":20.844093322753908},"rotation":{"x":-0.03592764958739281,"y":-0.5267221331596375,"z":0.022290915250778199,"w":-0.8489853739738464},"size":48.940921783447269,"orthographic":false}