{"cameraMode":{"drawMode":0,"name":"Shaded","section":"Shading Mode"},"sceneLighting":false,"audioPlay":false,"sceneViewState":{"showFog":true,"showMaterialUpdate":false,"showSkybox":true,"showFlares":true,"showImageEffects":true,"showParticleSystems":true},"in2DMode":false,"pivot":{"x":-1.460423469543457,"y":10.414701461791993,"z":36.63139343261719},"rotation":{"x":-0.01804656907916069,"y":-0.9495418667793274,"z":0.30814245343208315,"w":-0.05561358109116554},"size":7.956954002380371,"orthographic":false}