{"cameraMode":{"drawMode":0,"name":"Shaded","section":"Shading Mode"},"sceneLighting":true,"audioPlay":false,"sceneViewState":{"showFog":true,"showMaterialUpdate":false,"showSkybox":true,"showFlares":true,"showImageEffects":true,"showParticleSystems":true},"in2DMode":false,"pivot":{"x":-16.087398529052736,"y":4.6762590408325199,"z":5.542105197906494},"rotation":{"x":-0.04902297258377075,"y":0.08138727396726608,"z":0.0040079145692288879,"w":0.9954681396484375},"size":4.975793361663818,"orthographic":false}