{"cameraMode":{"drawMode":0,"name":"Shaded","section":"Shading Mode"},"sceneLighting":false,"audioPlay":false,"sceneViewState":{"showFog":true,"showMaterialUpdate":false,"showSkybox":true,"showFlares":true,"showImageEffects":true,"showParticleSystems":true},"in2DMode":false,"pivot":{"x":-0.648634672164917,"y":9.973862648010254,"z":37.83634948730469},"rotation":{"x":0.0055473558604717258,"y":-0.975733757019043,"z":0.21747125685214997,"w":0.024884607642889024},"size":8.647315979003907,"orthographic":false}