{"cameraMode":{"drawMode":0,"name":"Shaded","section":"Shading Mode"},"sceneLighting":true,"audioPlay":false,"sceneViewState":{"showFog":true,"showMaterialUpdate":false,"showSkybox":true,"showFlares":true,"showImageEffects":true,"showParticleSystems":true},"in2DMode":false,"pivot":{"x":-0.8355765342712402,"y":2.309561252593994,"z":88.84092712402344},"rotation":{"x":-0.07041739672422409,"y":-0.09441591054201126,"z":0.006695801857858896,"w":-0.9930167198181152},"size":29.732341766357423,"orthographic":false}