{"cameraMode":{"drawMode":0,"name":"Shaded","section":"Shading Mode"},"sceneLighting":true,"audioPlay":false,"sceneViewState":{"showFog":true,"showMaterialUpdate":false,"showSkybox":true,"showFlares":true,"showImageEffects":true,"showParticleSystems":true},"in2DMode":false,"pivot":{"x":-16.201757431030275,"y":4.065039157867432,"z":5.582352161407471},"rotation":{"x":0.012263559736311436,"y":0.0695141926407814,"z":-0.0008546967292204499,"w":0.997505247592926},"size":4.975793361663818,"orthographic":false}