{"cameraMode":{"drawMode":0,"name":"Shaded","section":"Shading Mode"},"sceneLighting":false,"audioPlay":false,"sceneViewState":{"showFog":true,"showMaterialUpdate":false,"showSkybox":true,"showFlares":true,"showImageEffects":true,"showParticleSystems":true},"in2DMode":false,"pivot":{"x":0.003000020980834961,"y":1.7809998989105225,"z":-4.501999855041504},"rotation":{"x":-0.023949608206748964,"y":-0.06234857812523842,"z":0.001496813609264791,"w":-0.9977659583091736},"size":5.43125581741333,"orthographic":false}