{"cameraMode":{"drawMode":0,"name":"Shaded","section":"Shading Mode"},"sceneLighting":true,"audioPlay":false,"sceneViewState":{"showFog":true,"showMaterialUpdate":false,"showSkybox":true,"showFlares":true,"showImageEffects":true,"showParticleSystems":true},"in2DMode":false,"pivot":{"x":48.504642486572269,"y":-20.27136993408203,"z":-30.6562442779541},"rotation":{"x":0.16239720582962037,"y":0.749843418598175,"z":-0.19980409741401673,"w":0.6094591021537781},"size":82.9507064819336,"orthographic":false}