{"cameraMode":{"drawMode":0,"name":"Shaded","section":"Shading Mode"},"sceneLighting":false,"audioPlay":false,"sceneViewState":{"showFog":true,"showMaterialUpdate":false,"showSkybox":true,"showFlares":true,"showImageEffects":true,"showParticleSystems":true},"in2DMode":false,"pivot":{"x":-32.54828643798828,"y":7.317485332489014,"z":-95.21754455566406},"rotation":{"x":0.16681085526943208,"y":-0.06797492504119873,"z":0.011527945287525654,"w":0.9835754632949829},"size":18.224937438964845,"orthographic":false}