{"cameraMode":{"drawMode":0,"name":"Shaded","section":"Shading Mode"},"sceneLighting":true,"audioPlay":false,"sceneViewState":{"showFog":true,"showMaterialUpdate":false,"showSkybox":true,"showFlares":true,"showImageEffects":true,"showParticleSystems":true},"in2DMode":false,"pivot":{"x":21.284711837768556,"y":-17.929590225219728,"z":-29.79363441467285},"rotation":{"x":-0.02123129740357399,"y":-0.9786728620529175,"z":0.1512106955051422,"w":-0.13741886615753175},"size":171.31846618652345,"orthographic":false}