{"cameraMode":{"drawMode":0,"name":"Shaded","section":"Shading Mode"},"sceneLighting":false,"audioPlay":false,"sceneViewState":{"showFog":true,"showMaterialUpdate":false,"showSkybox":true,"showFlares":true,"showImageEffects":true,"showParticleSystems":true},"in2DMode":false,"pivot":{"x":95.7984390258789,"y":-7.009082317352295,"z":35.61560821533203},"rotation":{"x":-0.06316662579774857,"y":-0.4488987922668457,"z":0.031833041459321979,"w":-0.890778660774231},"size":56.41865539550781,"orthographic":false}