{"cameraMode":{"drawMode":0,"name":"Shaded","section":"Shading Mode"},"sceneLighting":false,"audioPlay":false,"sceneViewState":{"showFog":true,"showMaterialUpdate":false,"showSkybox":true,"showFlares":true,"showImageEffects":true,"showParticleSystems":true},"in2DMode":false,"pivot":{"x":-0.00218355655670166,"y":16.298755645751954,"z":33.652381896972659},"rotation":{"x":-0.02123129740357399,"y":-0.9786728620529175,"z":0.1512106955051422,"w":-0.13741886615753175},"size":18.266338348388673,"orthographic":false}