{"cameraMode":{"drawMode":0,"name":"Shaded","section":"Shading Mode"},"sceneLighting":false,"audioPlay":false,"sceneViewState":{"showFog":true,"showMaterialUpdate":false,"showSkybox":true,"showFlares":true,"showImageEffects":true,"showParticleSystems":true},"in2DMode":false,"pivot":{"x":2.427483081817627,"y":4.279250621795654,"z":-3.665083169937134},"rotation":{"x":-0.13931186497211457,"y":0.595237135887146,"z":-0.10573046654462815,"w":-0.7842869758605957},"size":1.6895856857299805,"orthographic":false}