{"cameraMode":{"drawMode":0,"name":"Shaded","section":"Shading Mode"},"sceneLighting":false,"audioPlay":false,"sceneViewState":{"showFog":true,"showMaterialUpdate":false,"showSkybox":true,"showFlares":true,"showImageEffects":true,"showParticleSystems":true},"in2DMode":false,"pivot":{"x":3.1206581592559816,"y":13.859999656677246,"z":78.4375991821289},"rotation":{"x":-0.06295672804117203,"y":0.016467904672026635,"z":0.0010379479499533773,"w":0.9978798627853394},"size":2.8578836917877199,"orthographic":false}