{"cameraMode":{"drawMode":0,"name":"Shaded","section":"Shading Mode"},"sceneLighting":true,"audioPlay":false,"sceneViewState":{"showFog":true,"showMaterialUpdate":false,"showSkybox":true,"showFlares":true,"showImageEffects":true,"showParticleSystems":true},"in2DMode":false,"pivot":{"x":0.3914312422275543,"y":1.8208911418914796,"z":-1.9028617143630982},"rotation":{"x":-0.07374860346317291,"y":0.7178989052772522,"z":-0.07695963233709336,"w":-0.6879385709762573},"size":3.1088502407073976,"orthographic":false}